"","Edad","Sexo","Periodo","Total","ToT","year","trimestre"
"1","Total","Ambos sexos","2002T1","11,55",11.55,2002,1
"2","De 16 a 19 años","Ambos sexos","2002T1","28,42",28.42,2002,1
"3","De 20 a 24 años","Ambos sexos","2002T1","20,42",20.42,2002,1
"4","De 25 a 29 años","Ambos sexos","2002T1","14,37",14.37,2002,1
"5","De 30 a 34 años","Ambos sexos","2002T1","11,22",11.22,2002,1
"6","De 35 a 39 años","Ambos sexos","2002T1","9,82",9.82,2002,1
"7","De 40 a 44 años","Ambos sexos","2002T1","8,85",8.85,2002,1
"8","De 45 a 49 años","Ambos sexos","2002T1","7,68",7.68,2002,1
"9","De 50 a 54 años","Ambos sexos","2002T1","7,69",7.69,2002,1
"10","De 55 a 59 años","Ambos sexos","2002T1","7,58",7.58,2002,1
"11","De 60 a 64 años","Ambos sexos","2002T1","6,77",6.77,2002,1
"12","De 65 a 69 años","Ambos sexos","2002T1","2,07",2.07,2002,1
"13","70 y más años","Ambos sexos","2002T1","2,44",2.44,2002,1
"14","Total","Ambos sexos","2002T2","11,15",11.15,2002,2
"15","De 16 a 19 años","Ambos sexos","2002T2","29,48",29.48,2002,2
"16","De 20 a 24 años","Ambos sexos","2002T2","19,49",19.49,2002,2
"17","De 25 a 29 años","Ambos sexos","2002T2","13,87",13.87,2002,2
"18","De 30 a 34 años","Ambos sexos","2002T2","10,43",10.43,2002,2
"19","De 35 a 39 años","Ambos sexos","2002T2","9,58",9.58,2002,2
"20","De 40 a 44 años","Ambos sexos","2002T2","8,21",8.21,2002,2
"21","De 45 a 49 años","Ambos sexos","2002T2","7,78",7.78,2002,2
"22","De 50 a 54 años","Ambos sexos","2002T2","7,93",7.93,2002,2
"23","De 55 a 59 años","Ambos sexos","2002T2","7,34",7.34,2002,2
"24","De 60 a 64 años","Ambos sexos","2002T2","6,53",6.53,2002,2
"25","De 65 a 69 años","Ambos sexos","2002T2","2,11",2.11,2002,2
"26","70 y más años","Ambos sexos","2002T2","0,00",0,2002,2
"27","Total","Ambos sexos","2002T3","11,49",11.49,2002,3
"28","De 16 a 19 años","Ambos sexos","2002T3","30,06",30.06,2002,3
"29","De 20 a 24 años","Ambos sexos","2002T3","19,89",19.89,2002,3
"30","De 25 a 29 años","Ambos sexos","2002T3","14,15",14.15,2002,3
"31","De 30 a 34 años","Ambos sexos","2002T3","10,87",10.87,2002,3
"32","De 35 a 39 años","Ambos sexos","2002T3","9,73",9.73,2002,3
"33","De 40 a 44 años","Ambos sexos","2002T3","8,66",8.66,2002,3
"34","De 45 a 49 años","Ambos sexos","2002T3","8,05",8.05,2002,3
"35","De 50 a 54 años","Ambos sexos","2002T3","7,67",7.67,2002,3
"36","De 55 a 59 años","Ambos sexos","2002T3","7,93",7.93,2002,3
"37","De 60 a 64 años","Ambos sexos","2002T3","6,58",6.58,2002,3
"38","De 65 a 69 años","Ambos sexos","2002T3","0,94",0.94,2002,3
"39","70 y más años","Ambos sexos","2002T3","0,00",0,2002,3
"40","Total","Ambos sexos","2002T4","11,61",11.61,2002,4
"41","De 16 a 19 años","Ambos sexos","2002T4","31,55",31.55,2002,4
"42","De 20 a 24 años","Ambos sexos","2002T4","21,03",21.03,2002,4
"43","De 25 a 29 años","Ambos sexos","2002T4","14,63",14.63,2002,4
"44","De 30 a 34 años","Ambos sexos","2002T4","10,56",10.56,2002,4
"45","De 35 a 39 años","Ambos sexos","2002T4","9,70",9.7,2002,4
"46","De 40 a 44 años","Ambos sexos","2002T4","8,95",8.95,2002,4
"47","De 45 a 49 años","Ambos sexos","2002T4","8,26",8.26,2002,4
"48","De 50 a 54 años","Ambos sexos","2002T4","7,43",7.43,2002,4
"49","De 55 a 59 años","Ambos sexos","2002T4","7,82",7.82,2002,4
"50","De 60 a 64 años","Ambos sexos","2002T4","6,23",6.23,2002,4
"51","De 65 a 69 años","Ambos sexos","2002T4","2,06",2.06,2002,4
"52","70 y más años","Ambos sexos","2002T4","0,53",0.53,2002,4
"53","Total","Ambos sexos","2003T1","11,99",11.99,2003,1
"54","De 16 a 19 años","Ambos sexos","2003T1","33,85",33.85,2003,1
"55","De 20 a 24 años","Ambos sexos","2003T1","20,85",20.85,2003,1
"56","De 25 a 29 años","Ambos sexos","2003T1","14,98",14.98,2003,1
"57","De 30 a 34 años","Ambos sexos","2003T1","11,51",11.51,2003,1
"58","De 35 a 39 años","Ambos sexos","2003T1","10,71",10.71,2003,1
"59","De 40 a 44 años","Ambos sexos","2003T1","8,65",8.65,2003,1
"60","De 45 a 49 años","Ambos sexos","2003T1","8,70",8.7,2003,1
"61","De 50 a 54 años","Ambos sexos","2003T1","8,10",8.1,2003,1
"62","De 55 a 59 años","Ambos sexos","2003T1","7,49",7.49,2003,1
"63","De 60 a 64 años","Ambos sexos","2003T1","6,10",6.1,2003,1
"64","De 65 a 69 años","Ambos sexos","2003T1","2,10",2.1,2003,1
"65","70 y más años","Ambos sexos","2003T1","2,17",2.17,2003,1
"66","Total","Ambos sexos","2003T2","11,28",11.28,2003,2
"67","De 16 a 19 años","Ambos sexos","2003T2","34,13",34.13,2003,2
"68","De 20 a 24 años","Ambos sexos","2003T2","19,26",19.26,2003,2
"69","De 25 a 29 años","Ambos sexos","2003T2","13,84",13.84,2003,2
"70","De 30 a 34 años","Ambos sexos","2003T2","10,79",10.79,2003,2
"71","De 35 a 39 años","Ambos sexos","2003T2","10,07",10.07,2003,2
"72","De 40 a 44 años","Ambos sexos","2003T2","8,62",8.62,2003,2
"73","De 45 a 49 años","Ambos sexos","2003T2","8,00",8,2003,2
"74","De 50 a 54 años","Ambos sexos","2003T2","7,14",7.14,2003,2
"75","De 55 a 59 años","Ambos sexos","2003T2","7,37",7.37,2003,2
"76","De 60 a 64 años","Ambos sexos","2003T2","5,70",5.7,2003,2
"77","De 65 a 69 años","Ambos sexos","2003T2","2,77",2.77,2003,2
"78","70 y más años","Ambos sexos","2003T2","0,30",0.3,2003,2
"79","Total","Ambos sexos","2003T3","11,30",11.3,2003,3
"80","De 16 a 19 años","Ambos sexos","2003T3","31,49",31.49,2003,3
"81","De 20 a 24 años","Ambos sexos","2003T3","19,76",19.76,2003,3
"82","De 25 a 29 años","Ambos sexos","2003T3","13,94",13.94,2003,3
"83","De 30 a 34 años","Ambos sexos","2003T3","11,23",11.23,2003,3
"84","De 35 a 39 años","Ambos sexos","2003T3","9,38",9.38,2003,3
"85","De 40 a 44 años","Ambos sexos","2003T3","8,57",8.57,2003,3
"86","De 45 a 49 años","Ambos sexos","2003T3","7,47",7.47,2003,3
"87","De 50 a 54 años","Ambos sexos","2003T3","6,99",6.99,2003,3
"88","De 55 a 59 años","Ambos sexos","2003T3","7,92",7.92,2003,3
"89","De 60 a 64 años","Ambos sexos","2003T3","7,09",7.09,2003,3
"90","De 65 a 69 años","Ambos sexos","2003T3","1,63",1.63,2003,3
"91","70 y más años","Ambos sexos","2003T3","0,53",0.53,2003,3
"92","Total","Ambos sexos","2003T4","11,37",11.37,2003,4
"93","De 16 a 19 años","Ambos sexos","2003T4","32,07",32.07,2003,4
"94","De 20 a 24 años","Ambos sexos","2003T4","20,66",20.66,2003,4
"95","De 25 a 29 años","Ambos sexos","2003T4","13,95",13.95,2003,4
"96","De 30 a 34 años","Ambos sexos","2003T4","10,79",10.79,2003,4
"97","De 35 a 39 años","Ambos sexos","2003T4","10,13",10.13,2003,4
"98","De 40 a 44 años","Ambos sexos","2003T4","8,65",8.65,2003,4
"99","De 45 a 49 años","Ambos sexos","2003T4","7,96",7.96,2003,4
"100","De 50 a 54 años","Ambos sexos","2003T4","7,38",7.38,2003,4
"101","De 55 a 59 años","Ambos sexos","2003T4","6,80",6.8,2003,4
"102","De 60 a 64 años","Ambos sexos","2003T4","6,98",6.98,2003,4
"103","De 65 a 69 años","Ambos sexos","2003T4","1,61",1.61,2003,4
"104","70 y más años","Ambos sexos","2003T4","3,56",3.56,2003,4
"105","Total","Ambos sexos","2004T1","11,50",11.5,2004,1
"106","De 16 a 19 años","Ambos sexos","2004T1","32,45",32.45,2004,1
"107","De 20 a 24 años","Ambos sexos","2004T1","20,30",20.3,2004,1
"108","De 25 a 29 años","Ambos sexos","2004T1","14,18",14.18,2004,1
"109","De 30 a 34 años","Ambos sexos","2004T1","11,15",11.15,2004,1
"110","De 35 a 39 años","Ambos sexos","2004T1","10,87",10.87,2004,1
"111","De 40 a 44 años","Ambos sexos","2004T1","8,59",8.59,2004,1
"112","De 45 a 49 años","Ambos sexos","2004T1","7,87",7.87,2004,1
"113","De 50 a 54 años","Ambos sexos","2004T1","7,45",7.45,2004,1
"114","De 55 a 59 años","Ambos sexos","2004T1","7,01",7.01,2004,1
"115","De 60 a 64 años","Ambos sexos","2004T1","7,07",7.07,2004,1
"116","De 65 a 69 años","Ambos sexos","2004T1","2,19",2.19,2004,1
"117","70 y más años","Ambos sexos","2004T1","0,00",0,2004,1
"118","Total","Ambos sexos","2004T2","11,09",11.09,2004,2
"119","De 16 a 19 años","Ambos sexos","2004T2","32,16",32.16,2004,2
"120","De 20 a 24 años","Ambos sexos","2004T2","20,11",20.11,2004,2
"121","De 25 a 29 años","Ambos sexos","2004T2","12,94",12.94,2004,2
"122","De 30 a 34 años","Ambos sexos","2004T2","10,43",10.43,2004,2
"123","De 35 a 39 años","Ambos sexos","2004T2","9,41",9.41,2004,2
"124","De 40 a 44 años","Ambos sexos","2004T2","9,34",9.34,2004,2
"125","De 45 a 49 años","Ambos sexos","2004T2","7,92",7.92,2004,2
"126","De 50 a 54 años","Ambos sexos","2004T2","7,38",7.38,2004,2
"127","De 55 a 59 años","Ambos sexos","2004T2","7,38",7.38,2004,2
"128","De 60 a 64 años","Ambos sexos","2004T2","7,66",7.66,2004,2
"129","De 65 a 69 años","Ambos sexos","2004T2","2,22",2.22,2004,2
"130","70 y más años","Ambos sexos","2004T2","0,00",0,2004,2
"131","Total","Ambos sexos","2004T3","10,74",10.74,2004,3
"132","De 16 a 19 años","Ambos sexos","2004T3","29,28",29.28,2004,3
"133","De 20 a 24 años","Ambos sexos","2004T3","19,57",19.57,2004,3
"134","De 25 a 29 años","Ambos sexos","2004T3","12,54",12.54,2004,3
"135","De 30 a 34 años","Ambos sexos","2004T3","9,94",9.94,2004,3
"136","De 35 a 39 años","Ambos sexos","2004T3","9,54",9.54,2004,3
"137","De 40 a 44 años","Ambos sexos","2004T3","8,32",8.32,2004,3
"138","De 45 a 49 años","Ambos sexos","2004T3","7,88",7.88,2004,3
"139","De 50 a 54 años","Ambos sexos","2004T3","7,12",7.12,2004,3
"140","De 55 a 59 años","Ambos sexos","2004T3","7,21",7.21,2004,3
"141","De 60 a 64 años","Ambos sexos","2004T3","7,50",7.5,2004,3
"142","De 65 a 69 años","Ambos sexos","2004T3","0,93",0.93,2004,3
"143","70 y más años","Ambos sexos","2004T3","1,75",1.75,2004,3
"144","Total","Ambos sexos","2004T4","10,53",10.53,2004,4
"145","De 16 a 19 años","Ambos sexos","2004T4","29,04",29.04,2004,4
"146","De 20 a 24 años","Ambos sexos","2004T4","19,31",19.31,2004,4
"147","De 25 a 29 años","Ambos sexos","2004T4","11,95",11.95,2004,4
"148","De 30 a 34 años","Ambos sexos","2004T4","9,79",9.79,2004,4
"149","De 35 a 39 años","Ambos sexos","2004T4","9,90",9.9,2004,4
"150","De 40 a 44 años","Ambos sexos","2004T4","8,26",8.26,2004,4
"151","De 45 a 49 años","Ambos sexos","2004T4","7,84",7.84,2004,4
"152","De 50 a 54 años","Ambos sexos","2004T4","7,34",7.34,2004,4
"153","De 55 a 59 años","Ambos sexos","2004T4","7,18",7.18,2004,4
"154","De 60 a 64 años","Ambos sexos","2004T4","6,88",6.88,2004,4
"155","De 65 a 69 años","Ambos sexos","2004T4","1,63",1.63,2004,4
"156","70 y más años","Ambos sexos","2004T4","1,41",1.41,2004,4
"157","Total","Ambos sexos","2005T1","10,17",10.17,2005,1
"158","De 16 a 19 años","Ambos sexos","2005T1","31,21",31.21,2005,1
"159","De 20 a 24 años","Ambos sexos","2005T1","19,23",19.23,2005,1
"160","De 25 a 29 años","Ambos sexos","2005T1","11,86",11.86,2005,1
"161","De 30 a 34 años","Ambos sexos","2005T1","8,86",8.86,2005,1
"162","De 35 a 39 años","Ambos sexos","2005T1","8,82",8.82,2005,1
"163","De 40 a 44 años","Ambos sexos","2005T1","8,28",8.28,2005,1
"164","De 45 a 49 años","Ambos sexos","2005T1","7,37",7.37,2005,1
"165","De 50 a 54 años","Ambos sexos","2005T1","6,62",6.62,2005,1
"166","De 55 a 59 años","Ambos sexos","2005T1","7,21",7.21,2005,1
"167","De 60 a 64 años","Ambos sexos","2005T1","6,57",6.57,2005,1
"168","De 65 a 69 años","Ambos sexos","2005T1","2,21",2.21,2005,1
"169","70 y más años","Ambos sexos","2005T1","0,46",0.46,2005,1
"170","Total","Ambos sexos","2005T2","9,32",9.32,2005,2
"171","De 16 a 19 años","Ambos sexos","2005T2","31,07",31.07,2005,2
"172","De 20 a 24 años","Ambos sexos","2005T2","17,27",17.27,2005,2
"173","De 25 a 29 años","Ambos sexos","2005T2","11,18",11.18,2005,2
"174","De 30 a 34 años","Ambos sexos","2005T2","7,99",7.99,2005,2
"175","De 35 a 39 años","Ambos sexos","2005T2","7,62",7.62,2005,2
"176","De 40 a 44 años","Ambos sexos","2005T2","7,10",7.1,2005,2
"177","De 45 a 49 años","Ambos sexos","2005T2","6,49",6.49,2005,2
"178","De 50 a 54 años","Ambos sexos","2005T2","6,24",6.24,2005,2
"179","De 55 a 59 años","Ambos sexos","2005T2","7,22",7.22,2005,2
"180","De 60 a 64 años","Ambos sexos","2005T2","6,49",6.49,2005,2
"181","De 65 a 69 años","Ambos sexos","2005T2","3,08",3.08,2005,2
"182","70 y más años","Ambos sexos","2005T2","0,90",0.9,2005,2
"183","Total","Ambos sexos","2005T3","8,41",8.41,2005,3
"184","De 16 a 19 años","Ambos sexos","2005T3","26,88",26.88,2005,3
"185","De 20 a 24 años","Ambos sexos","2005T3","15,40",15.4,2005,3
"186","De 25 a 29 años","Ambos sexos","2005T3","10,26",10.26,2005,3
"187","De 30 a 34 años","Ambos sexos","2005T3","7,14",7.14,2005,3
"188","De 35 a 39 años","Ambos sexos","2005T3","7,20",7.2,2005,3
"189","De 40 a 44 años","Ambos sexos","2005T3","6,39",6.39,2005,3
"190","De 45 a 49 años","Ambos sexos","2005T3","5,96",5.96,2005,3
"191","De 50 a 54 años","Ambos sexos","2005T3","5,68",5.68,2005,3
"192","De 55 a 59 años","Ambos sexos","2005T3","5,53",5.53,2005,3
"193","De 60 a 64 años","Ambos sexos","2005T3","5,02",5.02,2005,3
"194","De 65 a 69 años","Ambos sexos","2005T3","4,46",4.46,2005,3
"195","70 y más años","Ambos sexos","2005T3","3,69",3.69,2005,3
"196","Total","Ambos sexos","2005T4","8,71",8.71,2005,4
"197","De 16 a 19 años","Ambos sexos","2005T4","27,83",27.83,2005,4
"198","De 20 a 24 años","Ambos sexos","2005T4","16,17",16.17,2005,4
"199","De 25 a 29 años","Ambos sexos","2005T4","10,61",10.61,2005,4
"200","De 30 a 34 años","Ambos sexos","2005T4","7,95",7.95,2005,4
"201","De 35 a 39 años","Ambos sexos","2005T4","7,17",7.17,2005,4
"202","De 40 a 44 años","Ambos sexos","2005T4","6,74",6.74,2005,4
"203","De 45 a 49 años","Ambos sexos","2005T4","6,49",6.49,2005,4
"204","De 50 a 54 años","Ambos sexos","2005T4","5,68",5.68,2005,4
"205","De 55 a 59 años","Ambos sexos","2005T4","6,22",6.22,2005,4
"206","De 60 a 64 años","Ambos sexos","2005T4","5,33",5.33,2005,4
"207","De 65 a 69 años","Ambos sexos","2005T4","1,70",1.7,2005,4
"208","70 y más años","Ambos sexos","2005T4","0,51",0.51,2005,4
"209","Total","Ambos sexos","2006T1","9,03",9.03,2006,1
"210","De 16 a 19 años","Ambos sexos","2006T1","29,68",29.68,2006,1
"211","De 20 a 24 años","Ambos sexos","2006T1","15,85",15.85,2006,1
"212","De 25 a 29 años","Ambos sexos","2006T1","11,27",11.27,2006,1
"213","De 30 a 34 años","Ambos sexos","2006T1","8,13",8.13,2006,1
"214","De 35 a 39 años","Ambos sexos","2006T1","7,32",7.32,2006,1
"215","De 40 a 44 años","Ambos sexos","2006T1","7,48",7.48,2006,1
"216","De 45 a 49 años","Ambos sexos","2006T1","6,46",6.46,2006,1
"217","De 50 a 54 años","Ambos sexos","2006T1","6,55",6.55,2006,1
"218","De 55 a 59 años","Ambos sexos","2006T1","6,91",6.91,2006,1
"219","De 60 a 64 años","Ambos sexos","2006T1","4,77",4.77,2006,1
"220","De 65 a 69 años","Ambos sexos","2006T1","2,54",2.54,2006,1
"221","70 y más años","Ambos sexos","2006T1","0,82",0.82,2006,1
"222","Total","Ambos sexos","2006T2","8,44",8.44,2006,2
"223","De 16 a 19 años","Ambos sexos","2006T2","31,22",31.22,2006,2
"224","De 20 a 24 años","Ambos sexos","2006T2","14,54",14.54,2006,2
"225","De 25 a 29 años","Ambos sexos","2006T2","9,94",9.94,2006,2
"226","De 30 a 34 años","Ambos sexos","2006T2","8,25",8.25,2006,2
"227","De 35 a 39 años","Ambos sexos","2006T2","6,95",6.95,2006,2
"228","De 40 a 44 años","Ambos sexos","2006T2","6,86",6.86,2006,2
"229","De 45 a 49 años","Ambos sexos","2006T2","5,33",5.33,2006,2
"230","De 50 a 54 años","Ambos sexos","2006T2","6,12",6.12,2006,2
"231","De 55 a 59 años","Ambos sexos","2006T2","6,05",6.05,2006,2
"232","De 60 a 64 años","Ambos sexos","2006T2","4,97",4.97,2006,2
"233","De 65 a 69 años","Ambos sexos","2006T2","2,41",2.41,2006,2
"234","70 y más años","Ambos sexos","2006T2","0,19",0.19,2006,2
"235","Total","Ambos sexos","2006T3","8,08",8.08,2006,3
"236","De 16 a 19 años","Ambos sexos","2006T3","24,87",24.87,2006,3
"237","De 20 a 24 años","Ambos sexos","2006T3","14,46",14.46,2006,3
"238","De 25 a 29 años","Ambos sexos","2006T3","9,37",9.37,2006,3
"239","De 30 a 34 años","Ambos sexos","2006T3","7,58",7.58,2006,3
"240","De 35 a 39 años","Ambos sexos","2006T3","6,92",6.92,2006,3
"241","De 40 a 44 años","Ambos sexos","2006T3","6,50",6.5,2006,3
"242","De 45 a 49 años","Ambos sexos","2006T3","5,56",5.56,2006,3
"243","De 50 a 54 años","Ambos sexos","2006T3","5,86",5.86,2006,3
"244","De 55 a 59 años","Ambos sexos","2006T3","6,07",6.07,2006,3
"245","De 60 a 64 años","Ambos sexos","2006T3","4,79",4.79,2006,3
"246","De 65 a 69 años","Ambos sexos","2006T3","1,24",1.24,2006,3
"247","70 y más años","Ambos sexos","2006T3","0,69",0.69,2006,3
"248","Total","Ambos sexos","2006T4","8,26",8.26,2006,4
"249","De 16 a 19 años","Ambos sexos","2006T4","31,23",31.23,2006,4
"250","De 20 a 24 años","Ambos sexos","2006T4","14,11",14.11,2006,4
"251","De 25 a 29 años","Ambos sexos","2006T4","9,69",9.69,2006,4
"252","De 30 a 34 años","Ambos sexos","2006T4","7,35",7.35,2006,4
"253","De 35 a 39 años","Ambos sexos","2006T4","7,26",7.26,2006,4
"254","De 40 a 44 años","Ambos sexos","2006T4","6,67",6.67,2006,4
"255","De 45 a 49 años","Ambos sexos","2006T4","5,88",5.88,2006,4
"256","De 50 a 54 años","Ambos sexos","2006T4","6,15",6.15,2006,4
"257","De 55 a 59 años","Ambos sexos","2006T4","5,78",5.78,2006,4
"258","De 60 a 64 años","Ambos sexos","2006T4","5,21",5.21,2006,4
"259","De 65 a 69 años","Ambos sexos","2006T4","2,43",2.43,2006,4
"260","70 y más años","Ambos sexos","2006T4","1,74",1.74,2006,4
"261","Total","Ambos sexos","2007T1","8,42",8.42,2007,1
"262","De 16 a 19 años","Ambos sexos","2007T1","27,59",27.59,2007,1
"263","De 20 a 24 años","Ambos sexos","2007T1","15,02",15.02,2007,1
"264","De 25 a 29 años","Ambos sexos","2007T1","9,21",9.21,2007,1
"265","De 30 a 34 años","Ambos sexos","2007T1","7,93",7.93,2007,1
"266","De 35 a 39 años","Ambos sexos","2007T1","7,75",7.75,2007,1
"267","De 40 a 44 años","Ambos sexos","2007T1","6,81",6.81,2007,1
"268","De 45 a 49 años","Ambos sexos","2007T1","5,89",5.89,2007,1
"269","De 50 a 54 años","Ambos sexos","2007T1","6,58",6.58,2007,1
"270","De 55 a 59 años","Ambos sexos","2007T1","6,17",6.17,2007,1
"271","De 60 a 64 años","Ambos sexos","2007T1","6,11",6.11,2007,1
"272","De 65 a 69 años","Ambos sexos","2007T1","2,81",2.81,2007,1
"273","70 y más años","Ambos sexos","2007T1","1,56",1.56,2007,1
"274","Total","Ambos sexos","2007T2","7,93",7.93,2007,2
"275","De 16 a 19 años","Ambos sexos","2007T2","29,19",29.19,2007,2
"276","De 20 a 24 años","Ambos sexos","2007T2","14,78",14.78,2007,2
"277","De 25 a 29 años","Ambos sexos","2007T2","8,09",8.09,2007,2
"278","De 30 a 34 años","Ambos sexos","2007T2","6,93",6.93,2007,2
"279","De 35 a 39 años","Ambos sexos","2007T2","6,86",6.86,2007,2
"280","De 40 a 44 años","Ambos sexos","2007T2","6,50",6.5,2007,2
"281","De 45 a 49 años","Ambos sexos","2007T2","5,86",5.86,2007,2
"282","De 50 a 54 años","Ambos sexos","2007T2","6,38",6.38,2007,2
"283","De 55 a 59 años","Ambos sexos","2007T2","6,02",6.02,2007,2
"284","De 60 a 64 años","Ambos sexos","2007T2","5,27",5.27,2007,2
"285","De 65 a 69 años","Ambos sexos","2007T2","2,26",2.26,2007,2
"286","70 y más años","Ambos sexos","2007T2","0,57",0.57,2007,2
"287","Total","Ambos sexos","2007T3","8,01",8.01,2007,3
"288","De 16 a 19 años","Ambos sexos","2007T3","27,21",27.21,2007,3
"289","De 20 a 24 años","Ambos sexos","2007T3","14,91",14.91,2007,3
"290","De 25 a 29 años","Ambos sexos","2007T3","8,71",8.71,2007,3
"291","De 30 a 34 años","Ambos sexos","2007T3","7,03",7.03,2007,3
"292","De 35 a 39 años","Ambos sexos","2007T3","6,66",6.66,2007,3
"293","De 40 a 44 años","Ambos sexos","2007T3","6,23",6.23,2007,3
"294","De 45 a 49 años","Ambos sexos","2007T3","6,33",6.33,2007,3
"295","De 50 a 54 años","Ambos sexos","2007T3","5,93",5.93,2007,3
"296","De 55 a 59 años","Ambos sexos","2007T3","6,07",6.07,2007,3
"297","De 60 a 64 años","Ambos sexos","2007T3","5,37",5.37,2007,3
"298","De 65 a 69 años","Ambos sexos","2007T3","1,11",1.11,2007,3
"299","70 y más años","Ambos sexos","2007T3","0,31",0.31,2007,3
"300","Total","Ambos sexos","2007T4","8,57",8.57,2007,4
"301","De 16 a 19 años","Ambos sexos","2007T4","31,08",31.08,2007,4
"302","De 20 a 24 años","Ambos sexos","2007T4","15,18",15.18,2007,4
"303","De 25 a 29 años","Ambos sexos","2007T4","9,82",9.82,2007,4
"304","De 30 a 34 años","Ambos sexos","2007T4","7,61",7.61,2007,4
"305","De 35 a 39 años","Ambos sexos","2007T4","6,64",6.64,2007,4
"306","De 40 a 44 años","Ambos sexos","2007T4","7,31",7.31,2007,4
"307","De 45 a 49 años","Ambos sexos","2007T4","7,04",7.04,2007,4
"308","De 50 a 54 años","Ambos sexos","2007T4","6,70",6.7,2007,4
"309","De 55 a 59 años","Ambos sexos","2007T4","6,47",6.47,2007,4
"310","De 60 a 64 años","Ambos sexos","2007T4","5,54",5.54,2007,4
"311","De 65 a 69 años","Ambos sexos","2007T4","0,98",0.98,2007,4
"312","70 y más años","Ambos sexos","2007T4","0,40",0.4,2007,4
"313","Total","Ambos sexos","2008T1","9,60",9.6,2008,1
"314","De 16 a 19 años","Ambos sexos","2008T1","32,82",32.82,2008,1
"315","De 20 a 24 años","Ambos sexos","2008T1","17,75",17.75,2008,1
"316","De 25 a 29 años","Ambos sexos","2008T1","11,10",11.1,2008,1
"317","De 30 a 34 años","Ambos sexos","2008T1","8,35",8.35,2008,1
"318","De 35 a 39 años","Ambos sexos","2008T1","8,17",8.17,2008,1
"319","De 40 a 44 años","Ambos sexos","2008T1","8,28",8.28,2008,1
"320","De 45 a 49 años","Ambos sexos","2008T1","7,25",7.25,2008,1
"321","De 50 a 54 años","Ambos sexos","2008T1","7,55",7.55,2008,1
"322","De 55 a 59 años","Ambos sexos","2008T1","6,76",6.76,2008,1
"323","De 60 a 64 años","Ambos sexos","2008T1","6,61",6.61,2008,1
"324","De 65 a 69 años","Ambos sexos","2008T1","2,35",2.35,2008,1
"325","70 y más años","Ambos sexos","2008T1","0,00",0,2008,1
"326","Total","Ambos sexos","2008T2","10,36",10.36,2008,2
"327","De 16 a 19 años","Ambos sexos","2008T2","40,96",40.96,2008,2
"328","De 20 a 24 años","Ambos sexos","2008T2","18,56",18.56,2008,2
"329","De 25 a 29 años","Ambos sexos","2008T2","11,79",11.79,2008,2
"330","De 30 a 34 años","Ambos sexos","2008T2","9,49",9.49,2008,2
"331","De 35 a 39 años","Ambos sexos","2008T2","8,44",8.44,2008,2
"332","De 40 a 44 años","Ambos sexos","2008T2","8,79",8.79,2008,2
"333","De 45 a 49 años","Ambos sexos","2008T2","7,81",7.81,2008,2
"334","De 50 a 54 años","Ambos sexos","2008T2","7,74",7.74,2008,2
"335","De 55 a 59 años","Ambos sexos","2008T2","7,18",7.18,2008,2
"336","De 60 a 64 años","Ambos sexos","2008T2","5,94",5.94,2008,2
"337","De 65 a 69 años","Ambos sexos","2008T2","3,94",3.94,2008,2
"338","70 y más años","Ambos sexos","2008T2","0,75",0.75,2008,2
"339","Total","Ambos sexos","2008T3","11,23",11.23,2008,3
"340","De 16 a 19 años","Ambos sexos","2008T3","38,34",38.34,2008,3
"341","De 20 a 24 años","Ambos sexos","2008T3","19,80",19.8,2008,3
"342","De 25 a 29 años","Ambos sexos","2008T3","13,88",13.88,2008,3
"343","De 30 a 34 años","Ambos sexos","2008T3","10,07",10.07,2008,3
"344","De 35 a 39 años","Ambos sexos","2008T3","9,65",9.65,2008,3
"345","De 40 a 44 años","Ambos sexos","2008T3","9,39",9.39,2008,3
"346","De 45 a 49 años","Ambos sexos","2008T3","8,29",8.29,2008,3
"347","De 50 a 54 años","Ambos sexos","2008T3","8,00",8,2008,3
"348","De 55 a 59 años","Ambos sexos","2008T3","7,33",7.33,2008,3
"349","De 60 a 64 años","Ambos sexos","2008T3","6,79",6.79,2008,3
"350","De 65 a 69 años","Ambos sexos","2008T3","3,24",3.24,2008,3
"351","70 y más años","Ambos sexos","2008T3","0,38",0.38,2008,3
"352","Total","Ambos sexos","2008T4","13,79",13.79,2008,4
"353","De 16 a 19 años","Ambos sexos","2008T4","45,83",45.83,2008,4
"354","De 20 a 24 años","Ambos sexos","2008T4","24,50",24.5,2008,4
"355","De 25 a 29 años","Ambos sexos","2008T4","16,61",16.61,2008,4
"356","De 30 a 34 años","Ambos sexos","2008T4","13,17",13.17,2008,4
"357","De 35 a 39 años","Ambos sexos","2008T4","12,03",12.03,2008,4
"358","De 40 a 44 años","Ambos sexos","2008T4","12,25",12.25,2008,4
"359","De 45 a 49 años","Ambos sexos","2008T4","10,64",10.64,2008,4
"360","De 50 a 54 años","Ambos sexos","2008T4","9,63",9.63,2008,4
"361","De 55 a 59 años","Ambos sexos","2008T4","9,27",9.27,2008,4
"362","De 60 a 64 años","Ambos sexos","2008T4","7,96",7.96,2008,4
"363","De 65 a 69 años","Ambos sexos","2008T4","3,31",3.31,2008,4
"364","70 y más años","Ambos sexos","2008T4","0,65",0.65,2008,4
"365","Total","Ambos sexos","2009T1","17,24",17.24,2009,1
"366","De 16 a 19 años","Ambos sexos","2009T1","54,25",54.25,2009,1
"367","De 20 a 24 años","Ambos sexos","2009T1","30,63",30.63,2009,1
"368","De 25 a 29 años","Ambos sexos","2009T1","21,01",21.01,2009,1
"369","De 30 a 34 años","Ambos sexos","2009T1","16,46",16.46,2009,1
"370","De 35 a 39 años","Ambos sexos","2009T1","16,20",16.2,2009,1
"371","De 40 a 44 años","Ambos sexos","2009T1","14,51",14.51,2009,1
"372","De 45 a 49 años","Ambos sexos","2009T1","13,95",13.95,2009,1
"373","De 50 a 54 años","Ambos sexos","2009T1","12,14",12.14,2009,1
"374","De 55 a 59 años","Ambos sexos","2009T1","11,67",11.67,2009,1
"375","De 60 a 64 años","Ambos sexos","2009T1","9,60",9.6,2009,1
"376","De 65 a 69 años","Ambos sexos","2009T1","3,10",3.1,2009,1
"377","70 y más años","Ambos sexos","2009T1","0,00",0,2009,1
"378","Total","Ambos sexos","2009T2","17,77",17.77,2009,2
"379","De 16 a 19 años","Ambos sexos","2009T2","56,18",56.18,2009,2
"380","De 20 a 24 años","Ambos sexos","2009T2","33,26",33.26,2009,2
"381","De 25 a 29 años","Ambos sexos","2009T2","20,72",20.72,2009,2
"382","De 30 a 34 años","Ambos sexos","2009T2","17,19",17.19,2009,2
"383","De 35 a 39 años","Ambos sexos","2009T2","15,83",15.83,2009,2
"384","De 40 a 44 años","Ambos sexos","2009T2","15,36",15.36,2009,2
"385","De 45 a 49 años","Ambos sexos","2009T2","13,94",13.94,2009,2
"386","De 50 a 54 años","Ambos sexos","2009T2","12,78",12.78,2009,2
"387","De 55 a 59 años","Ambos sexos","2009T2","12,98",12.98,2009,2
"388","De 60 a 64 años","Ambos sexos","2009T2","10,85",10.85,2009,2
"389","De 65 a 69 años","Ambos sexos","2009T2","2,42",2.42,2009,2
"390","70 y más años","Ambos sexos","2009T2","1,18",1.18,2009,2
"391","Total","Ambos sexos","2009T3","17,75",17.75,2009,3
"392","De 16 a 19 años","Ambos sexos","2009T3","53,52",53.52,2009,3
"393","De 20 a 24 años","Ambos sexos","2009T3","34,54",34.54,2009,3
"394","De 25 a 29 años","Ambos sexos","2009T3","21,74",21.74,2009,3
"395","De 30 a 34 años","Ambos sexos","2009T3","16,91",16.91,2009,3
"396","De 35 a 39 años","Ambos sexos","2009T3","15,66",15.66,2009,3
"397","De 40 a 44 años","Ambos sexos","2009T3","14,81",14.81,2009,3
"398","De 45 a 49 años","Ambos sexos","2009T3","13,38",13.38,2009,3
"399","De 50 a 54 años","Ambos sexos","2009T3","12,45",12.45,2009,3
"400","De 55 a 59 años","Ambos sexos","2009T3","12,65",12.65,2009,3
"401","De 60 a 64 años","Ambos sexos","2009T3","11,28",11.28,2009,3
"402","De 65 a 69 años","Ambos sexos","2009T3","2,61",2.61,2009,3
"403","70 y más años","Ambos sexos","2009T3","0,00",0,2009,3
"404","Total","Ambos sexos","2009T4","18,66",18.66,2009,4
"405","De 16 a 19 años","Ambos sexos","2009T4","57,47",57.47,2009,4
"406","De 20 a 24 años","Ambos sexos","2009T4","34,67",34.67,2009,4
"407","De 25 a 29 años","Ambos sexos","2009T4","23,34",23.34,2009,4
"408","De 30 a 34 años","Ambos sexos","2009T4","17,87",17.87,2009,4
"409","De 35 a 39 años","Ambos sexos","2009T4","17,40",17.4,2009,4
"410","De 40 a 44 años","Ambos sexos","2009T4","16,01",16.01,2009,4
"411","De 45 a 49 años","Ambos sexos","2009T4","14,42",14.42,2009,4
"412","De 50 a 54 años","Ambos sexos","2009T4","13,46",13.46,2009,4
"413","De 55 a 59 años","Ambos sexos","2009T4","13,47",13.47,2009,4
"414","De 60 a 64 años","Ambos sexos","2009T4","12,03",12.03,2009,4
"415","De 65 a 69 años","Ambos sexos","2009T4","5,73",5.73,2009,4
"416","70 y más años","Ambos sexos","2009T4","1,17",1.17,2009,4
"417","Total","Ambos sexos","2010T1","19,84",19.84,2010,1
"418","De 16 a 19 años","Ambos sexos","2010T1","59,54",59.54,2010,1
"419","De 20 a 24 años","Ambos sexos","2010T1","36,31",36.31,2010,1
"420","De 25 a 29 años","Ambos sexos","2010T1","24,98",24.98,2010,1
"421","De 30 a 34 años","Ambos sexos","2010T1","19,40",19.4,2010,1
"422","De 35 a 39 años","Ambos sexos","2010T1","18,40",18.4,2010,1
"423","De 40 a 44 años","Ambos sexos","2010T1","16,59",16.59,2010,1
"424","De 45 a 49 años","Ambos sexos","2010T1","16,20",16.2,2010,1
"425","De 50 a 54 años","Ambos sexos","2010T1","14,46",14.46,2010,1
"426","De 55 a 59 años","Ambos sexos","2010T1","15,00",15,2010,1
"427","De 60 a 64 años","Ambos sexos","2010T1","11,55",11.55,2010,1
"428","De 65 a 69 años","Ambos sexos","2010T1","2,84",2.84,2010,1
"429","70 y más años","Ambos sexos","2010T1","0,00",0,2010,1
"430","Total","Ambos sexos","2010T2","19,89",19.89,2010,2
"431","De 16 a 19 años","Ambos sexos","2010T2","62,15",62.15,2010,2
"432","De 20 a 24 años","Ambos sexos","2010T2","36,96",36.96,2010,2
"433","De 25 a 29 años","Ambos sexos","2010T2","24,00",24,2010,2
"434","De 30 a 34 años","Ambos sexos","2010T2","19,00",19,2010,2
"435","De 35 a 39 años","Ambos sexos","2010T2","18,09",18.09,2010,2
"436","De 40 a 44 años","Ambos sexos","2010T2","17,36",17.36,2010,2
"437","De 45 a 49 años","Ambos sexos","2010T2","15,99",15.99,2010,2
"438","De 50 a 54 años","Ambos sexos","2010T2","15,04",15.04,2010,2
"439","De 55 a 59 años","Ambos sexos","2010T2","14,68",14.68,2010,2
"440","De 60 a 64 años","Ambos sexos","2010T2","13,01",13.01,2010,2
"441","De 65 a 69 años","Ambos sexos","2010T2","4,63",4.63,2010,2
"442","70 y más años","Ambos sexos","2010T2","0,67",0.67,2010,2
"443","Total","Ambos sexos","2010T3","19,59",19.59,2010,3
"444","De 16 a 19 años","Ambos sexos","2010T3","59,99",59.99,2010,3
"445","De 20 a 24 años","Ambos sexos","2010T3","35,95",35.95,2010,3
"446","De 25 a 29 años","Ambos sexos","2010T3","24,44",24.44,2010,3
"447","De 30 a 34 años","Ambos sexos","2010T3","18,91",18.91,2010,3
"448","De 35 a 39 años","Ambos sexos","2010T3","18,21",18.21,2010,3
"449","De 40 a 44 años","Ambos sexos","2010T3","17,07",17.07,2010,3
"450","De 45 a 49 años","Ambos sexos","2010T3","15,09",15.09,2010,3
"451","De 50 a 54 años","Ambos sexos","2010T3","13,90",13.9,2010,3
"452","De 55 a 59 años","Ambos sexos","2010T3","15,27",15.27,2010,3
"453","De 60 a 64 años","Ambos sexos","2010T3","12,39",12.39,2010,3
"454","De 65 a 69 años","Ambos sexos","2010T3","2,63",2.63,2010,3
"455","70 y más años","Ambos sexos","2010T3","1,46",1.46,2010,3
"456","Total","Ambos sexos","2010T4","20,11",20.11,2010,4
"457","De 16 a 19 años","Ambos sexos","2010T4","63,67",63.67,2010,4
"458","De 20 a 24 años","Ambos sexos","2010T4","38,33",38.33,2010,4
"459","De 25 a 29 años","Ambos sexos","2010T4","25,37",25.37,2010,4
"460","De 30 a 34 años","Ambos sexos","2010T4","19,58",19.58,2010,4
"461","De 35 a 39 años","Ambos sexos","2010T4","17,81",17.81,2010,4
"462","De 40 a 44 años","Ambos sexos","2010T4","17,38",17.38,2010,4
"463","De 45 a 49 años","Ambos sexos","2010T4","15,98",15.98,2010,4
"464","De 50 a 54 años","Ambos sexos","2010T4","15,47",15.47,2010,4
"465","De 55 a 59 años","Ambos sexos","2010T4","15,30",15.3,2010,4
"466","De 60 a 64 años","Ambos sexos","2010T4","13,47",13.47,2010,4
"467","De 65 a 69 años","Ambos sexos","2010T4","2,14",2.14,2010,4
"468","70 y más años","Ambos sexos","2010T4","1,84",1.84,2010,4
"469","Total","Ambos sexos","2011T1","21,08",21.08,2011,1
"470","De 16 a 19 años","Ambos sexos","2011T1","65,30",65.3,2011,1
"471","De 20 a 24 años","Ambos sexos","2011T1","41,14",41.14,2011,1
"472","De 25 a 29 años","Ambos sexos","2011T1","26,66",26.66,2011,1
"473","De 30 a 34 años","Ambos sexos","2011T1","21,13",21.13,2011,1
"474","De 35 a 39 años","Ambos sexos","2011T1","18,49",18.49,2011,1
"475","De 40 a 44 años","Ambos sexos","2011T1","18,12",18.12,2011,1
"476","De 45 a 49 años","Ambos sexos","2011T1","17,75",17.75,2011,1
"477","De 50 a 54 años","Ambos sexos","2011T1","15,69",15.69,2011,1
"478","De 55 a 59 años","Ambos sexos","2011T1","15,52",15.52,2011,1
"479","De 60 a 64 años","Ambos sexos","2011T1","12,64",12.64,2011,1
"480","De 65 a 69 años","Ambos sexos","2011T1","2,76",2.76,2011,1
"481","70 y más años","Ambos sexos","2011T1","3,24",3.24,2011,1
"482","Total","Ambos sexos","2011T2","20,64",20.64,2011,2
"483","De 16 a 19 años","Ambos sexos","2011T2","62,53",62.53,2011,2
"484","De 20 a 24 años","Ambos sexos","2011T2","42,17",42.17,2011,2
"485","De 25 a 29 años","Ambos sexos","2011T2","25,48",25.48,2011,2
"486","De 30 a 34 años","Ambos sexos","2011T2","20,79",20.79,2011,2
"487","De 35 a 39 años","Ambos sexos","2011T2","17,68",17.68,2011,2
"488","De 40 a 44 años","Ambos sexos","2011T2","18,30",18.3,2011,2
"489","De 45 a 49 años","Ambos sexos","2011T2","16,68",16.68,2011,2
"490","De 50 a 54 años","Ambos sexos","2011T2","15,51",15.51,2011,2
"491","De 55 a 59 años","Ambos sexos","2011T2","15,05",15.05,2011,2
"492","De 60 a 64 años","Ambos sexos","2011T2","12,85",12.85,2011,2
"493","De 65 a 69 años","Ambos sexos","2011T2","0,97",0.97,2011,2
"494","70 y más años","Ambos sexos","2011T2","3,85",3.85,2011,2
"495","Total","Ambos sexos","2011T3","21,28",21.28,2011,3
"496","De 16 a 19 años","Ambos sexos","2011T3","60,38",60.38,2011,3
"497","De 20 a 24 años","Ambos sexos","2011T3","42,00",42,2011,3
"498","De 25 a 29 años","Ambos sexos","2011T3","25,82",25.82,2011,3
"499","De 30 a 34 años","Ambos sexos","2011T3","20,82",20.82,2011,3
"500","De 35 a 39 años","Ambos sexos","2011T3","18,86",18.86,2011,3
"501","De 40 a 44 años","Ambos sexos","2011T3","18,71",18.71,2011,3
"502","De 45 a 49 años","Ambos sexos","2011T3","17,66",17.66,2011,3
"503","De 50 a 54 años","Ambos sexos","2011T3","16,45",16.45,2011,3
"504","De 55 a 59 años","Ambos sexos","2011T3","15,80",15.8,2011,3
"505","De 60 a 64 años","Ambos sexos","2011T3","13,74",13.74,2011,3
"506","De 65 a 69 años","Ambos sexos","2011T3","0,96",0.96,2011,3
"507","70 y más años","Ambos sexos","2011T3","1,29",1.29,2011,3
"508","Total","Ambos sexos","2011T4","22,56",22.56,2011,4
"509","De 16 a 19 años","Ambos sexos","2011T4","69,15",69.15,2011,4
"510","De 20 a 24 años","Ambos sexos","2011T4","44,05",44.05,2011,4
"511","De 25 a 29 años","Ambos sexos","2011T4","27,29",27.29,2011,4
"512","De 30 a 34 años","Ambos sexos","2011T4","22,43",22.43,2011,4
"513","De 35 a 39 años","Ambos sexos","2011T4","20,25",20.25,2011,4
"514","De 40 a 44 años","Ambos sexos","2011T4","20,51",20.51,2011,4
"515","De 45 a 49 años","Ambos sexos","2011T4","19,08",19.08,2011,4
"516","De 50 a 54 años","Ambos sexos","2011T4","17,17",17.17,2011,4
"517","De 55 a 59 años","Ambos sexos","2011T4","17,65",17.65,2011,4
"518","De 60 a 64 años","Ambos sexos","2011T4","14,12",14.12,2011,4
"519","De 65 a 69 años","Ambos sexos","2011T4","3,30",3.3,2011,4
"520","70 y más años","Ambos sexos","2011T4","0,00",0,2011,4
"521","Total","Ambos sexos","2012T1","24,19",24.19,2012,1
"522","De 16 a 19 años","Ambos sexos","2012T1","71,44",71.44,2012,1
"523","De 20 a 24 años","Ambos sexos","2012T1","47,71",47.71,2012,1
"524","De 25 a 29 años","Ambos sexos","2012T1","30,37",30.37,2012,1
"525","De 30 a 34 años","Ambos sexos","2012T1","23,92",23.92,2012,1
"526","De 35 a 39 años","Ambos sexos","2012T1","21,63",21.63,2012,1
"527","De 40 a 44 años","Ambos sexos","2012T1","21,46",21.46,2012,1
"528","De 45 a 49 años","Ambos sexos","2012T1","20,40",20.4,2012,1
"529","De 50 a 54 años","Ambos sexos","2012T1","19,17",19.17,2012,1
"530","De 55 a 59 años","Ambos sexos","2012T1","18,53",18.53,2012,1
"531","De 60 a 64 años","Ambos sexos","2012T1","15,20",15.2,2012,1
"532","De 65 a 69 años","Ambos sexos","2012T1","3,56",3.56,2012,1
"533","70 y más años","Ambos sexos","2012T1","3,48",3.48,2012,1
"534","Total","Ambos sexos","2012T2","24,40",24.4,2012,2
"535","De 16 a 19 años","Ambos sexos","2012T2","73,19",73.19,2012,2
"536","De 20 a 24 años","Ambos sexos","2012T2","48,70",48.7,2012,2
"537","De 25 a 29 años","Ambos sexos","2012T2","30,40",30.4,2012,2
"538","De 30 a 34 años","Ambos sexos","2012T2","23,81",23.81,2012,2
"539","De 35 a 39 años","Ambos sexos","2012T2","21,16",21.16,2012,2
"540","De 40 a 44 años","Ambos sexos","2012T2","21,66",21.66,2012,2
"541","De 45 a 49 años","Ambos sexos","2012T2","21,12",21.12,2012,2
"542","De 50 a 54 años","Ambos sexos","2012T2","19,41",19.41,2012,2
"543","De 55 a 59 años","Ambos sexos","2012T2","18,52",18.52,2012,2
"544","De 60 a 64 años","Ambos sexos","2012T2","16,33",16.33,2012,2
"545","De 65 a 69 años","Ambos sexos","2012T2","5,31",5.31,2012,2
"546","70 y más años","Ambos sexos","2012T2","0,13",0.13,2012,2
"547","Total","Ambos sexos","2012T3","24,79",24.79,2012,3
"548","De 16 a 19 años","Ambos sexos","2012T3","71,89",71.89,2012,3
"549","De 20 a 24 años","Ambos sexos","2012T3","47,68",47.68,2012,3
"550","De 25 a 29 años","Ambos sexos","2012T3","31,60",31.6,2012,3
"551","De 30 a 34 años","Ambos sexos","2012T3","24,70",24.7,2012,3
"552","De 35 a 39 años","Ambos sexos","2012T3","21,14",21.14,2012,3
"553","De 40 a 44 años","Ambos sexos","2012T3","21,66",21.66,2012,3
"554","De 45 a 49 años","Ambos sexos","2012T3","21,50",21.5,2012,3
"555","De 50 a 54 años","Ambos sexos","2012T3","20,19",20.19,2012,3
"556","De 55 a 59 años","Ambos sexos","2012T3","18,90",18.9,2012,3
"557","De 60 a 64 años","Ambos sexos","2012T3","16,22",16.22,2012,3
"558","De 65 a 69 años","Ambos sexos","2012T3","5,46",5.46,2012,3
"559","70 y más años","Ambos sexos","2012T3","0,00",0,2012,3
"560","Total","Ambos sexos","2012T4","25,77",25.77,2012,4
"561","De 16 a 19 años","Ambos sexos","2012T4","73,88",73.88,2012,4
"562","De 20 a 24 años","Ambos sexos","2012T4","51,41",51.41,2012,4
"563","De 25 a 29 años","Ambos sexos","2012T4","33,66",33.66,2012,4
"564","De 30 a 34 años","Ambos sexos","2012T4","26,26",26.26,2012,4
"565","De 35 a 39 años","Ambos sexos","2012T4","22,55",22.55,2012,4
"566","De 40 a 44 años","Ambos sexos","2012T4","22,80",22.8,2012,4
"567","De 45 a 49 años","Ambos sexos","2012T4","21,88",21.88,2012,4
"568","De 50 a 54 años","Ambos sexos","2012T4","20,07",20.07,2012,4
"569","De 55 a 59 años","Ambos sexos","2012T4","19,82",19.82,2012,4
"570","De 60 a 64 años","Ambos sexos","2012T4","16,99",16.99,2012,4
"571","De 65 a 69 años","Ambos sexos","2012T4","5,36",5.36,2012,4
"572","70 y más años","Ambos sexos","2012T4","1,27",1.27,2012,4
"573","Total","Ambos sexos","2013T1","26,94",26.94,2013,1
"574","De 16 a 19 años","Ambos sexos","2013T1","75,63",75.63,2013,1
"575","De 20 a 24 años","Ambos sexos","2013T1","53,39",53.39,2013,1
"576","De 25 a 29 años","Ambos sexos","2013T1","35,09",35.09,2013,1
"577","De 30 a 34 años","Ambos sexos","2013T1","26,79",26.79,2013,1
"578","De 35 a 39 años","Ambos sexos","2013T1","23,49",23.49,2013,1
"579","De 40 a 44 años","Ambos sexos","2013T1","23,62",23.62,2013,1
"580","De 45 a 49 años","Ambos sexos","2013T1","23,45",23.45,2013,1
"581","De 50 a 54 años","Ambos sexos","2013T1","21,07",21.07,2013,1
"582","De 55 a 59 años","Ambos sexos","2013T1","20,98",20.98,2013,1
"583","De 60 a 64 años","Ambos sexos","2013T1","19,68",19.68,2013,1
"584","De 65 a 69 años","Ambos sexos","2013T1","6,68",6.68,2013,1
"585","70 y más años","Ambos sexos","2013T1","0,39",0.39,2013,1
"586","Total","Ambos sexos","2013T2","26,06",26.06,2013,2
"587","De 16 a 19 años","Ambos sexos","2013T2","73,00",73,2013,2
"588","De 20 a 24 años","Ambos sexos","2013T2","52,62",52.62,2013,2
"589","De 25 a 29 años","Ambos sexos","2013T2","33,76",33.76,2013,2
"590","De 30 a 34 años","Ambos sexos","2013T2","25,26",25.26,2013,2
"591","De 35 a 39 años","Ambos sexos","2013T2","22,80",22.8,2013,2
"592","De 40 a 44 años","Ambos sexos","2013T2","22,33",22.33,2013,2
"593","De 45 a 49 años","Ambos sexos","2013T2","23,45",23.45,2013,2
"594","De 50 a 54 años","Ambos sexos","2013T2","20,77",20.77,2013,2
"595","De 55 a 59 años","Ambos sexos","2013T2","20,87",20.87,2013,2
"596","De 60 a 64 años","Ambos sexos","2013T2","18,01",18.01,2013,2
"597","De 65 a 69 años","Ambos sexos","2013T2","6,25",6.25,2013,2
"598","70 y más años","Ambos sexos","2013T2","0,00",0,2013,2
"599","Total","Ambos sexos","2013T3","25,65",25.65,2013,3
"600","De 16 a 19 años","Ambos sexos","2013T3","72,15",72.15,2013,3
"601","De 20 a 24 años","Ambos sexos","2013T3","50,14",50.14,2013,3
"602","De 25 a 29 años","Ambos sexos","2013T3","31,77",31.77,2013,3
"603","De 30 a 34 años","Ambos sexos","2013T3","25,43",25.43,2013,3
"604","De 35 a 39 años","Ambos sexos","2013T3","22,22",22.22,2013,3
"605","De 40 a 44 años","Ambos sexos","2013T3","22,18",22.18,2013,3
"606","De 45 a 49 años","Ambos sexos","2013T3","22,60",22.6,2013,3
"607","De 50 a 54 años","Ambos sexos","2013T3","21,39",21.39,2013,3
"608","De 55 a 59 años","Ambos sexos","2013T3","19,88",19.88,2013,3
"609","De 60 a 64 años","Ambos sexos","2013T3","19,29",19.29,2013,3
"610","De 65 a 69 años","Ambos sexos","2013T3","8,06",8.06,2013,3
"611","70 y más años","Ambos sexos","2013T3","0,69",0.69,2013,3
"612","Total","Ambos sexos","2013T4","25,73",25.73,2013,4
"613","De 16 a 19 años","Ambos sexos","2013T4","75,53",75.53,2013,4
"614","De 20 a 24 años","Ambos sexos","2013T4","50,93",50.93,2013,4
"615","De 25 a 29 años","Ambos sexos","2013T4","32,39",32.39,2013,4
"616","De 30 a 34 años","Ambos sexos","2013T4","26,06",26.06,2013,4
"617","De 35 a 39 años","Ambos sexos","2013T4","22,29",22.29,2013,4
"618","De 40 a 44 años","Ambos sexos","2013T4","22,07",22.07,2013,4
"619","De 45 a 49 años","Ambos sexos","2013T4","22,23",22.23,2013,4
"620","De 50 a 54 años","Ambos sexos","2013T4","21,95",21.95,2013,4
"621","De 55 a 59 años","Ambos sexos","2013T4","20,87",20.87,2013,4
"622","De 60 a 64 años","Ambos sexos","2013T4","17,96",17.96,2013,4
"623","De 65 a 69 años","Ambos sexos","2013T4","10,62",10.62,2013,4
"624","70 y más años","Ambos sexos","2013T4","3,57",3.57,2013,4
"625","Total","Ambos sexos","2014T1","25,93",25.93,2014,1
"626","De 16 a 19 años","Ambos sexos","2014T1","70,16",70.16,2014,1
"627","De 20 a 24 años","Ambos sexos","2014T1","52,86",52.86,2014,1
"628","De 25 a 29 años","Ambos sexos","2014T1","32,76",32.76,2014,1
"629","De 30 a 34 años","Ambos sexos","2014T1","25,85",25.85,2014,1
"630","De 35 a 39 años","Ambos sexos","2014T1","22,76",22.76,2014,1
"631","De 40 a 44 años","Ambos sexos","2014T1","22,31",22.31,2014,1
"632","De 45 a 49 años","Ambos sexos","2014T1","23,23",23.23,2014,1
"633","De 50 a 54 años","Ambos sexos","2014T1","21,54",21.54,2014,1
"634","De 55 a 59 años","Ambos sexos","2014T1","21,47",21.47,2014,1
"635","De 60 a 64 años","Ambos sexos","2014T1","18,21",18.21,2014,1
"636","De 65 a 69 años","Ambos sexos","2014T1","7,60",7.6,2014,1
"637","70 y más años","Ambos sexos","2014T1","0,00",0,2014,1
"638","Total","Ambos sexos","2014T2","24,47",24.47,2014,2
"639","De 16 a 19 años","Ambos sexos","2014T2","70,39",70.39,2014,2
"640","De 20 a 24 años","Ambos sexos","2014T2","49,99",49.99,2014,2
"641","De 25 a 29 años","Ambos sexos","2014T2","30,01",30.01,2014,2
"642","De 30 a 34 años","Ambos sexos","2014T2","23,86",23.86,2014,2
"643","De 35 a 39 años","Ambos sexos","2014T2","20,70",20.7,2014,2
"644","De 40 a 44 años","Ambos sexos","2014T2","21,42",21.42,2014,2
"645","De 45 a 49 años","Ambos sexos","2014T2","22,18",22.18,2014,2
"646","De 50 a 54 años","Ambos sexos","2014T2","20,80",20.8,2014,2
"647","De 55 a 59 años","Ambos sexos","2014T2","21,85",21.85,2014,2
"648","De 60 a 64 años","Ambos sexos","2014T2","17,08",17.08,2014,2
"649","De 65 a 69 años","Ambos sexos","2014T2","5,56",5.56,2014,2
"650","70 y más años","Ambos sexos","2014T2","3,21",3.21,2014,2
"651","Total","Ambos sexos","2014T3","23,67",23.67,2014,3
"652","De 16 a 19 años","Ambos sexos","2014T3","66,71",66.71,2014,3
"653","De 20 a 24 años","Ambos sexos","2014T3","49,54",49.54,2014,3
"654","De 25 a 29 años","Ambos sexos","2014T3","28,75",28.75,2014,3
"655","De 30 a 34 años","Ambos sexos","2014T3","23,05",23.05,2014,3
"656","De 35 a 39 años","Ambos sexos","2014T3","20,65",20.65,2014,3
"657","De 40 a 44 años","Ambos sexos","2014T3","19,84",19.84,2014,3
"658","De 45 a 49 años","Ambos sexos","2014T3","20,89",20.89,2014,3
"659","De 50 a 54 años","Ambos sexos","2014T3","20,07",20.07,2014,3
"660","De 55 a 59 años","Ambos sexos","2014T3","21,17",21.17,2014,3
"661","De 60 a 64 años","Ambos sexos","2014T3","16,22",16.22,2014,3
"662","De 65 a 69 años","Ambos sexos","2014T3","5,07",5.07,2014,3
"663","70 y más años","Ambos sexos","2014T3","3,31",3.31,2014,3
"664","Total","Ambos sexos","2014T4","23,70",23.7,2014,4
"665","De 16 a 19 años","Ambos sexos","2014T4","67,28",67.28,2014,4
"666","De 20 a 24 años","Ambos sexos","2014T4","48,88",48.88,2014,4
"667","De 25 a 29 años","Ambos sexos","2014T4","29,77",29.77,2014,4
"668","De 30 a 34 años","Ambos sexos","2014T4","23,35",23.35,2014,4
"669","De 35 a 39 años","Ambos sexos","2014T4","20,27",20.27,2014,4
"670","De 40 a 44 años","Ambos sexos","2014T4","20,83",20.83,2014,4
"671","De 45 a 49 años","Ambos sexos","2014T4","20,64",20.64,2014,4
"672","De 50 a 54 años","Ambos sexos","2014T4","20,01",20.01,2014,4
"673","De 55 a 59 años","Ambos sexos","2014T4","21,38",21.38,2014,4
"674","De 60 a 64 años","Ambos sexos","2014T4","16,32",16.32,2014,4
"675","De 65 a 69 años","Ambos sexos","2014T4","6,23",6.23,2014,4
"676","70 y más años","Ambos sexos","2014T4","2,32",2.32,2014,4
"677","Total","Ambos sexos","2015T1","23,78",23.78,2015,1
"678","De 16 a 19 años","Ambos sexos","2015T1","70,45",70.45,2015,1
"679","De 20 a 24 años","Ambos sexos","2015T1","47,74",47.74,2015,1
"680","De 25 a 29 años","Ambos sexos","2015T1","30,18",30.18,2015,1
"681","De 30 a 34 años","Ambos sexos","2015T1","24,11",24.11,2015,1
"682","De 35 a 39 años","Ambos sexos","2015T1","20,57",20.57,2015,1
"683","De 40 a 44 años","Ambos sexos","2015T1","20,28",20.28,2015,1
"684","De 45 a 49 años","Ambos sexos","2015T1","21,72",21.72,2015,1
"685","De 50 a 54 años","Ambos sexos","2015T1","20,17",20.17,2015,1
"686","De 55 a 59 años","Ambos sexos","2015T1","20,09",20.09,2015,1
"687","De 60 a 64 años","Ambos sexos","2015T1","16,96",16.96,2015,1
"688","De 65 a 69 años","Ambos sexos","2015T1","5,43",5.43,2015,1
"689","70 y más años","Ambos sexos","2015T1","0,00",0,2015,1
"690","Total","Ambos sexos","2015T2","22,37",22.37,2015,2
"691","De 16 a 19 años","Ambos sexos","2015T2","69,36",69.36,2015,2
"692","De 20 a 24 años","Ambos sexos","2015T2","45,26",45.26,2015,2
"693","De 25 a 29 años","Ambos sexos","2015T2","28,41",28.41,2015,2
"694","De 30 a 34 años","Ambos sexos","2015T2","21,96",21.96,2015,2
"695","De 35 a 39 años","Ambos sexos","2015T2","19,47",19.47,2015,2
"696","De 40 a 44 años","Ambos sexos","2015T2","18,39",18.39,2015,2
"697","De 45 a 49 años","Ambos sexos","2015T2","20,41",20.41,2015,2
"698","De 50 a 54 años","Ambos sexos","2015T2","19,24",19.24,2015,2
"699","De 55 a 59 años","Ambos sexos","2015T2","19,56",19.56,2015,2
"700","De 60 a 64 años","Ambos sexos","2015T2","16,54",16.54,2015,2
"701","De 65 a 69 años","Ambos sexos","2015T2","4,37",4.37,2015,2
"702","70 y más años","Ambos sexos","2015T2","2,22",2.22,2015,2
"703","Total","Ambos sexos","2015T3","21,18",21.18,2015,3
"704","De 16 a 19 años","Ambos sexos","2015T3","63,73",63.73,2015,3
"705","De 20 a 24 años","Ambos sexos","2015T3","42,89",42.89,2015,3
"706","De 25 a 29 años","Ambos sexos","2015T3","27,84",27.84,2015,3
"707","De 30 a 34 años","Ambos sexos","2015T3","20,21",20.21,2015,3
"708","De 35 a 39 años","Ambos sexos","2015T3","17,20",17.2,2015,3
"709","De 40 a 44 años","Ambos sexos","2015T3","17,09",17.09,2015,3
"710","De 45 a 49 años","Ambos sexos","2015T3","19,00",19,2015,3
"711","De 50 a 54 años","Ambos sexos","2015T3","18,50",18.5,2015,3
"712","De 55 a 59 años","Ambos sexos","2015T3","19,53",19.53,2015,3
"713","De 60 a 64 años","Ambos sexos","2015T3","16,36",16.36,2015,3
"714","De 65 a 69 años","Ambos sexos","2015T3","4,58",4.58,2015,3
"715","70 y más años","Ambos sexos","2015T3","1,53",1.53,2015,3
"716","Total","Ambos sexos","2015T4","20,90",20.9,2015,4
"717","De 16 a 19 años","Ambos sexos","2015T4","66,09",66.09,2015,4
"718","De 20 a 24 años","Ambos sexos","2015T4","42,52",42.52,2015,4
"719","De 25 a 29 años","Ambos sexos","2015T4","27,57",27.57,2015,4
"720","De 30 a 34 años","Ambos sexos","2015T4","20,25",20.25,2015,4
"721","De 35 a 39 años","Ambos sexos","2015T4","17,73",17.73,2015,4
"722","De 40 a 44 años","Ambos sexos","2015T4","17,29",17.29,2015,4
"723","De 45 a 49 años","Ambos sexos","2015T4","18,76",18.76,2015,4
"724","De 50 a 54 años","Ambos sexos","2015T4","17,77",17.77,2015,4
"725","De 55 a 59 años","Ambos sexos","2015T4","19,14",19.14,2015,4
"726","De 60 a 64 años","Ambos sexos","2015T4","16,74",16.74,2015,4
"727","De 65 a 69 años","Ambos sexos","2015T4","4,82",4.82,2015,4
"728","70 y más años","Ambos sexos","2015T4","2,23",2.23,2015,4
"729","Total","Ambos sexos","2016T1","21,00",21,2016,1
"730","De 16 a 19 años","Ambos sexos","2016T1","64,12",64.12,2016,1
"731","De 20 a 24 años","Ambos sexos","2016T1","43,26",43.26,2016,1
"732","De 25 a 29 años","Ambos sexos","2016T1","28,39",28.39,2016,1
"733","De 30 a 34 años","Ambos sexos","2016T1","20,38",20.38,2016,1
"734","De 35 a 39 años","Ambos sexos","2016T1","18,16",18.16,2016,1
"735","De 40 a 44 años","Ambos sexos","2016T1","17,37",17.37,2016,1
"736","De 45 a 49 años","Ambos sexos","2016T1","18,68",18.68,2016,1
"737","De 50 a 54 años","Ambos sexos","2016T1","18,17",18.17,2016,1
"738","De 55 a 59 años","Ambos sexos","2016T1","18,59",18.59,2016,1
"739","De 60 a 64 años","Ambos sexos","2016T1","16,27",16.27,2016,1
"740","De 65 a 69 años","Ambos sexos","2016T1","6,00",6,2016,1
"741","70 y más años","Ambos sexos","2016T1","4,57",4.57,2016,1
"742","Total","Ambos sexos","2016T2","20,00",20,2016,2
"743","De 16 a 19 años","Ambos sexos","2016T2","63,52",63.52,2016,2
"744","De 20 a 24 años","Ambos sexos","2016T2","43,33",43.33,2016,2
"745","De 25 a 29 años","Ambos sexos","2016T2","26,00",26,2016,2
"746","De 30 a 34 años","Ambos sexos","2016T2","19,63",19.63,2016,2
"747","De 35 a 39 años","Ambos sexos","2016T2","16,40",16.4,2016,2
"748","De 40 a 44 años","Ambos sexos","2016T2","17,11",17.11,2016,2
"749","De 45 a 49 años","Ambos sexos","2016T2","16,62",16.62,2016,2
"750","De 50 a 54 años","Ambos sexos","2016T2","18,07",18.07,2016,2
"751","De 55 a 59 años","Ambos sexos","2016T2","17,81",17.81,2016,2
"752","De 60 a 64 años","Ambos sexos","2016T2","15,75",15.75,2016,2
"753","De 65 a 69 años","Ambos sexos","2016T2","3,84",3.84,2016,2
"754","70 y más años","Ambos sexos","2016T2","2,62",2.62,2016,2
"755","Total","Ambos sexos","2016T3","18,91",18.91,2016,3
"756","De 16 a 19 años","Ambos sexos","2016T3","54,69",54.69,2016,3
"757","De 20 a 24 años","Ambos sexos","2016T3","39,27",39.27,2016,3
"758","De 25 a 29 años","Ambos sexos","2016T3","23,94",23.94,2016,3
"759","De 30 a 34 años","Ambos sexos","2016T3","18,45",18.45,2016,3
"760","De 35 a 39 años","Ambos sexos","2016T3","15,91",15.91,2016,3
"761","De 40 a 44 años","Ambos sexos","2016T3","15,71",15.71,2016,3
"762","De 45 a 49 años","Ambos sexos","2016T3","16,60",16.6,2016,3
"763","De 50 a 54 años","Ambos sexos","2016T3","16,82",16.82,2016,3
"764","De 55 a 59 años","Ambos sexos","2016T3","16,80",16.8,2016,3
"765","De 60 a 64 años","Ambos sexos","2016T3","16,03",16.03,2016,3
"766","De 65 a 69 años","Ambos sexos","2016T3","4,95",4.95,2016,3
"767","70 y más años","Ambos sexos","2016T3","3,28",3.28,2016,3
"768","Total","Ambos sexos","2016T4","18,63",18.63,2016,4
"769","De 16 a 19 años","Ambos sexos","2016T4","58,67",58.67,2016,4
"770","De 20 a 24 años","Ambos sexos","2016T4","39,83",39.83,2016,4
"771","De 25 a 29 años","Ambos sexos","2016T4","24,05",24.05,2016,4
"772","De 30 a 34 años","Ambos sexos","2016T4","18,46",18.46,2016,4
"773","De 35 a 39 años","Ambos sexos","2016T4","15,86",15.86,2016,4
"774","De 40 a 44 años","Ambos sexos","2016T4","15,07",15.07,2016,4
"775","De 45 a 49 años","Ambos sexos","2016T4","16,01",16.01,2016,4
"776","De 50 a 54 años","Ambos sexos","2016T4","16,44",16.44,2016,4
"777","De 55 a 59 años","Ambos sexos","2016T4","16,90",16.9,2016,4
"778","De 60 a 64 años","Ambos sexos","2016T4","16,22",16.22,2016,4
"779","De 65 a 69 años","Ambos sexos","2016T4","4,05",4.05,2016,4
"780","70 y más años","Ambos sexos","2016T4","3,30",3.3,2016,4
"781","Total","Ambos sexos","2017T1","18,75",18.75,2017,1
"782","De 16 a 19 años","Ambos sexos","2017T1","58,74",58.74,2017,1
"783","De 20 a 24 años","Ambos sexos","2017T1","38,37",38.37,2017,1
"784","De 25 a 29 años","Ambos sexos","2017T1","24,77",24.77,2017,1
"785","De 30 a 34 años","Ambos sexos","2017T1","17,54",17.54,2017,1
"786","De 35 a 39 años","Ambos sexos","2017T1","15,99",15.99,2017,1
"787","De 40 a 44 años","Ambos sexos","2017T1","15,98",15.98,2017,1
"788","De 45 a 49 años","Ambos sexos","2017T1","16,94",16.94,2017,1
"789","De 50 a 54 años","Ambos sexos","2017T1","16,76",16.76,2017,1
"790","De 55 a 59 años","Ambos sexos","2017T1","16,55",16.55,2017,1
"791","De 60 a 64 años","Ambos sexos","2017T1","15,37",15.37,2017,1
"792","De 65 a 69 años","Ambos sexos","2017T1","4,88",4.88,2017,1
"793","70 y más años","Ambos sexos","2017T1","0,89",0.89,2017,1
"794","Total","Ambos sexos","2017T2","17,22",17.22,2017,2
"795","De 16 a 19 años","Ambos sexos","2017T2","55,98",55.98,2017,2
"796","De 20 a 24 años","Ambos sexos","2017T2","36,15",36.15,2017,2
"797","De 25 a 29 años","Ambos sexos","2017T2","22,90",22.9,2017,2
"798","De 30 a 34 años","Ambos sexos","2017T2","16,59",16.59,2017,2
"799","De 35 a 39 años","Ambos sexos","2017T2","14,15",14.15,2017,2
"800","De 40 a 44 años","Ambos sexos","2017T2","13,80",13.8,2017,2
"801","De 45 a 49 años","Ambos sexos","2017T2","14,99",14.99,2017,2
"802","De 50 a 54 años","Ambos sexos","2017T2","15,37",15.37,2017,2
"803","De 55 a 59 años","Ambos sexos","2017T2","15,78",15.78,2017,2
"804","De 60 a 64 años","Ambos sexos","2017T2","14,90",14.9,2017,2
"805","De 65 a 69 años","Ambos sexos","2017T2","3,50",3.5,2017,2
"806","70 y más años","Ambos sexos","2017T2","1,38",1.38,2017,2
"807","Total","Ambos sexos","2017T3","16,38",16.38,2017,3
"808","De 16 a 19 años","Ambos sexos","2017T3","50,41",50.41,2017,3
"809","De 20 a 24 años","Ambos sexos","2017T3","32,69",32.69,2017,3
"810","De 25 a 29 años","Ambos sexos","2017T3","22,50",22.5,2017,3
"811","De 30 a 34 años","Ambos sexos","2017T3","15,73",15.73,2017,3
"812","De 35 a 39 años","Ambos sexos","2017T3","13,44",13.44,2017,3
"813","De 40 a 44 años","Ambos sexos","2017T3","12,98",12.98,2017,3
"814","De 45 a 49 años","Ambos sexos","2017T3","14,08",14.08,2017,3
"815","De 50 a 54 años","Ambos sexos","2017T3","14,23",14.23,2017,3
"816","De 55 a 59 años","Ambos sexos","2017T3","15,12",15.12,2017,3
"817","De 60 a 64 años","Ambos sexos","2017T3","14,15",14.15,2017,3
"818","De 65 a 69 años","Ambos sexos","2017T3","5,67",5.67,2017,3
"819","70 y más años","Ambos sexos","2017T3","1,71",1.71,2017,3
"820","Total","Ambos sexos","2017T4","16,55",16.55,2017,4
"821","De 16 a 19 años","Ambos sexos","2017T4","54,20",54.2,2017,4
"822","De 20 a 24 años","Ambos sexos","2017T4","33,95",33.95,2017,4
"823","De 25 a 29 años","Ambos sexos","2017T4","21,71",21.71,2017,4
"824","De 30 a 34 años","Ambos sexos","2017T4","16,71",16.71,2017,4
"825","De 35 a 39 años","Ambos sexos","2017T4","13,87",13.87,2017,4
"826","De 40 a 44 años","Ambos sexos","2017T4","13,09",13.09,2017,4
"827","De 45 a 49 años","Ambos sexos","2017T4","14,24",14.24,2017,4
"828","De 50 a 54 años","Ambos sexos","2017T4","14,48",14.48,2017,4
"829","De 55 a 59 años","Ambos sexos","2017T4","15,30",15.3,2017,4
"830","De 60 a 64 años","Ambos sexos","2017T4","14,11",14.11,2017,4
"831","De 65 a 69 años","Ambos sexos","2017T4","5,10",5.1,2017,4
"832","70 y más años","Ambos sexos","2017T4","2,38",2.38,2017,4
"833","Total","Ambos sexos","2018T1","16,74",16.74,2018,1
"834","De 16 a 19 años","Ambos sexos","2018T1","56,15",56.15,2018,1
"835","De 20 a 24 años","Ambos sexos","2018T1","32,37",32.37,2018,1
"836","De 25 a 29 años","Ambos sexos","2018T1","22,48",22.48,2018,1
"837","De 30 a 34 años","Ambos sexos","2018T1","16,65",16.65,2018,1
"838","De 35 a 39 años","Ambos sexos","2018T1","14,37",14.37,2018,1
"839","De 40 a 44 años","Ambos sexos","2018T1","13,35",13.35,2018,1
"840","De 45 a 49 años","Ambos sexos","2018T1","14,22",14.22,2018,1
"841","De 50 a 54 años","Ambos sexos","2018T1","15,23",15.23,2018,1
"842","De 55 a 59 años","Ambos sexos","2018T1","15,37",15.37,2018,1
"843","De 60 a 64 años","Ambos sexos","2018T1","15,28",15.28,2018,1
"844","De 65 a 69 años","Ambos sexos","2018T1","5,51",5.51,2018,1
"845","70 y más años","Ambos sexos","2018T1","0,45",0.45,2018,1
"846","Total","Ambos sexos","2018T2","15,28",15.28,2018,2
"847","De 16 a 19 años","Ambos sexos","2018T2","51,64",51.64,2018,2
"848","De 20 a 24 años","Ambos sexos","2018T2","30,97",30.97,2018,2
"849","De 25 a 29 años","Ambos sexos","2018T2","20,57",20.57,2018,2
"850","De 30 a 34 años","Ambos sexos","2018T2","14,54",14.54,2018,2
"851","De 35 a 39 años","Ambos sexos","2018T2","12,50",12.5,2018,2
"852","De 40 a 44 años","Ambos sexos","2018T2","11,83",11.83,2018,2
"853","De 45 a 49 años","Ambos sexos","2018T2","13,64",13.64,2018,2
"854","De 50 a 54 años","Ambos sexos","2018T2","13,50",13.5,2018,2
"855","De 55 a 59 años","Ambos sexos","2018T2","14,17",14.17,2018,2
"856","De 60 a 64 años","Ambos sexos","2018T2","13,59",13.59,2018,2
"857","De 65 a 69 años","Ambos sexos","2018T2","5,56",5.56,2018,2
"858","70 y más años","Ambos sexos","2018T2","0,73",0.73,2018,2
"859","Total","Ambos sexos","2018T3","14,55",14.55,2018,3
"860","De 16 a 19 años","Ambos sexos","2018T3","45,43",45.43,2018,3
"861","De 20 a 24 años","Ambos sexos","2018T3","30,10",30.1,2018,3
"862","De 25 a 29 años","Ambos sexos","2018T3","19,31",19.31,2018,3
"863","De 30 a 34 años","Ambos sexos","2018T3","14,86",14.86,2018,3
"864","De 35 a 39 años","Ambos sexos","2018T3","12,25",12.25,2018,3
"865","De 40 a 44 años","Ambos sexos","2018T3","11,58",11.58,2018,3
"866","De 45 a 49 años","Ambos sexos","2018T3","12,06",12.06,2018,3
"867","De 50 a 54 años","Ambos sexos","2018T3","12,75",12.75,2018,3
"868","De 55 a 59 años","Ambos sexos","2018T3","12,68",12.68,2018,3
"869","De 60 a 64 años","Ambos sexos","2018T3","12,38",12.38,2018,3
"870","De 65 a 69 años","Ambos sexos","2018T3","5,58",5.58,2018,3
"871","70 y más años","Ambos sexos","2018T3","0,39",0.39,2018,3
"872","Total","Ambos sexos","2018T4","14,45",14.45,2018,4
"873","De 16 a 19 años","Ambos sexos","2018T4","46,89",46.89,2018,4
"874","De 20 a 24 años","Ambos sexos","2018T4","30,78",30.78,2018,4
"875","De 25 a 29 años","Ambos sexos","2018T4","19,07",19.07,2018,4
"876","De 30 a 34 años","Ambos sexos","2018T4","14,71",14.71,2018,4
"877","De 35 a 39 años","Ambos sexos","2018T4","12,21",12.21,2018,4
"878","De 40 a 44 años","Ambos sexos","2018T4","11,27",11.27,2018,4
"879","De 45 a 49 años","Ambos sexos","2018T4","11,57",11.57,2018,4
"880","De 50 a 54 años","Ambos sexos","2018T4","12,83",12.83,2018,4
"881","De 55 a 59 años","Ambos sexos","2018T4","13,03",13.03,2018,4
"882","De 60 a 64 años","Ambos sexos","2018T4","13,61",13.61,2018,4
"883","De 65 a 69 años","Ambos sexos","2018T4","6,05",6.05,2018,4
"884","70 y más años","Ambos sexos","2018T4","0,48",0.48,2018,4
"885","Total","Ambos sexos","2019T1","14,70",14.7,2019,1
"886","De 16 a 19 años","Ambos sexos","2019T1","49,26",49.26,2019,1
"887","De 20 a 24 años","Ambos sexos","2019T1","32,00",32,2019,1
"888","De 25 a 29 años","Ambos sexos","2019T1","19,51",19.51,2019,1
"889","De 30 a 34 años","Ambos sexos","2019T1","13,96",13.96,2019,1
"890","De 35 a 39 años","Ambos sexos","2019T1","11,95",11.95,2019,1
"891","De 40 a 44 años","Ambos sexos","2019T1","12,11",12.11,2019,1
"892","De 45 a 49 años","Ambos sexos","2019T1","12,42",12.42,2019,1
"893","De 50 a 54 años","Ambos sexos","2019T1","13,25",13.25,2019,1
"894","De 55 a 59 años","Ambos sexos","2019T1","13,12",13.12,2019,1
"895","De 60 a 64 años","Ambos sexos","2019T1","12,69",12.69,2019,1
"896","De 65 a 69 años","Ambos sexos","2019T1","7,22",7.22,2019,1
"897","70 y más años","Ambos sexos","2019T1","0,34",0.34,2019,1
"898","Total","Ambos sexos","2019T2","14,02",14.02,2019,2
"899","De 16 a 19 años","Ambos sexos","2019T2","46,26",46.26,2019,2
"900","De 20 a 24 años","Ambos sexos","2019T2","30,22",30.22,2019,2
"901","De 25 a 29 años","Ambos sexos","2019T2","18,65",18.65,2019,2
"902","De 30 a 34 años","Ambos sexos","2019T2","13,47",13.47,2019,2
"903","De 35 a 39 años","Ambos sexos","2019T2","11,41",11.41,2019,2
"904","De 40 a 44 años","Ambos sexos","2019T2","11,32",11.32,2019,2
"905","De 45 a 49 años","Ambos sexos","2019T2","11,20",11.2,2019,2
"906","De 50 a 54 años","Ambos sexos","2019T2","12,86",12.86,2019,2
"907","De 55 a 59 años","Ambos sexos","2019T2","12,46",12.46,2019,2
"908","De 60 a 64 años","Ambos sexos","2019T2","12,79",12.79,2019,2
"909","De 65 a 69 años","Ambos sexos","2019T2","9,39",9.39,2019,2
"910","70 y más años","Ambos sexos","2019T2","0,00",0,2019,2
"911","Total","Ambos sexos","2019T3","13,92",13.92,2019,3
"912","De 16 a 19 años","Ambos sexos","2019T3","42,15",42.15,2019,3
"913","De 20 a 24 años","Ambos sexos","2019T3","29,28",29.28,2019,3
"914","De 25 a 29 años","Ambos sexos","2019T3","18,75",18.75,2019,3
"915","De 30 a 34 años","Ambos sexos","2019T3","14,20",14.2,2019,3
"916","De 35 a 39 años","Ambos sexos","2019T3","10,94",10.94,2019,3
"917","De 40 a 44 años","Ambos sexos","2019T3","11,63",11.63,2019,3
"918","De 45 a 49 años","Ambos sexos","2019T3","11,11",11.11,2019,3
"919","De 50 a 54 años","Ambos sexos","2019T3","12,14",12.14,2019,3
"920","De 55 a 59 años","Ambos sexos","2019T3","12,27",12.27,2019,3
"921","De 60 a 64 años","Ambos sexos","2019T3","12,15",12.15,2019,3
"922","De 65 a 69 años","Ambos sexos","2019T3","5,62",5.62,2019,3
"923","70 y más años","Ambos sexos","2019T3","1,71",1.71,2019,3
"924","Total","Ambos sexos","2019T4","13,78",13.78,2019,4
"925","De 16 a 19 años","Ambos sexos","2019T4","43,90",43.9,2019,4
"926","De 20 a 24 años","Ambos sexos","2019T4","27,72",27.72,2019,4
"927","De 25 a 29 años","Ambos sexos","2019T4","19,03",19.03,2019,4
"928","De 30 a 34 años","Ambos sexos","2019T4","14,00",14,2019,4
"929","De 35 a 39 años","Ambos sexos","2019T4","11,64",11.64,2019,4
"930","De 40 a 44 años","Ambos sexos","2019T4","10,79",10.79,2019,4
"931","De 45 a 49 años","Ambos sexos","2019T4","11,47",11.47,2019,4
"932","De 50 a 54 años","Ambos sexos","2019T4","11,70",11.7,2019,4
"933","De 55 a 59 años","Ambos sexos","2019T4","12,74",12.74,2019,4
"934","De 60 a 64 años","Ambos sexos","2019T4","12,88",12.88,2019,4
"935","De 65 a 69 años","Ambos sexos","2019T4","5,85",5.85,2019,4
"936","70 y más años","Ambos sexos","2019T4","1,11",1.11,2019,4
"937","Total","Ambos sexos","2020T1","14,41",14.41,2020,1
"938","De 16 a 19 años","Ambos sexos","2020T1","47,29",47.29,2020,1
"939","De 20 a 24 años","Ambos sexos","2020T1","30,12",30.12,2020,1
"940","De 25 a 29 años","Ambos sexos","2020T1","19,67",19.67,2020,1
"941","De 30 a 34 años","Ambos sexos","2020T1","14,85",14.85,2020,1
"942","De 35 a 39 años","Ambos sexos","2020T1","12,86",12.86,2020,1
"943","De 40 a 44 años","Ambos sexos","2020T1","11,53",11.53,2020,1
"944","De 45 a 49 años","Ambos sexos","2020T1","11,82",11.82,2020,1
"945","De 50 a 54 años","Ambos sexos","2020T1","12,28",12.28,2020,1
"946","De 55 a 59 años","Ambos sexos","2020T1","12,62",12.62,2020,1
"947","De 60 a 64 años","Ambos sexos","2020T1","12,34",12.34,2020,1
"948","De 65 a 69 años","Ambos sexos","2020T1","6,45",6.45,2020,1
"949","70 y más años","Ambos sexos","2020T1","1,04",1.04,2020,1
"950","Total","Ambos sexos","2020T2","15,33",15.33,2020,2
"951","De 16 a 19 años","Ambos sexos","2020T2","54,50",54.5,2020,2
"952","De 20 a 24 años","Ambos sexos","2020T2","36,89",36.89,2020,2
"953","De 25 a 29 años","Ambos sexos","2020T2","23,72",23.72,2020,2
"954","De 30 a 34 años","Ambos sexos","2020T2","17,19",17.19,2020,2
"955","De 35 a 39 años","Ambos sexos","2020T2","14,37",14.37,2020,2
"956","De 40 a 44 años","Ambos sexos","2020T2","11,96",11.96,2020,2
"957","De 45 a 49 años","Ambos sexos","2020T2","11,68",11.68,2020,2
"958","De 50 a 54 años","Ambos sexos","2020T2","11,65",11.65,2020,2
"959","De 55 a 59 años","Ambos sexos","2020T2","11,84",11.84,2020,2
"960","De 60 a 64 años","Ambos sexos","2020T2","12,09",12.09,2020,2
"961","De 65 a 69 años","Ambos sexos","2020T2","7,09",7.09,2020,2
"962","70 y más años","Ambos sexos","2020T2","0,79",0.79,2020,2
